{
  "_metadata": {
    "experiment": "backbone_ablation",
    "dataset": "GRAB",
    "dataset_path": "/data0/wwb_data/ygx_data/data_ygx_pose+dof/GRAB_training_data_with_swivel.npz",
    "ik_type": "real-ik",
    "timestamp": "2026-03-03T03:44:59",
    "num_frames": 49986,
    "device": "cuda:0"
  },
  "results": {
    "LSTM": {
      "params_k": 2337.922,
      "network_latency_ms": 1.4237697198987007,
      "network_latency_p95_ms": 1.456926204264164,
      "ik_latency_ms": 1.4484567074105144,
      "ik_latency_p95_ms": 1.4817121904343367,
      "latency_ms": 2.872226427309215,
      "latency_p95_ms": 2.9386383946985006,
      "swivel_mae": 5.526657581329346,
      "elbow_error_mm": 12.21215689572489,
      "jerk": 4.7070417404174805,
      "joint_mae": 0.09228717323295642,
      "window_size": 15,
      "epoch": 36,
      "val_loss": 0.19043204188346863
    },
    "Mamba": {
      "params_k": 1985.666,
      "network_latency_ms": 1.9025457166135311,
      "network_latency_p95_ms": 1.9421789329499006,
      "ik_latency_ms": 1.0286479396745563,
      "ik_latency_p95_ms": 1.0441565420478582,
      "latency_ms": 2.9311936562880874,
      "latency_p95_ms": 2.986335474997759,
      "swivel_mae": 6.388054370880127,
      "elbow_error_mm": 13.941519469821722,
      "jerk": 5.286136627197266,
      "joint_mae": 0.10381871704785635,
      "window_size": 15,
      "epoch": 47,
      "val_loss": 0.20078617334365845
    },
    "Transformer": {
      "params_k": 3519.618,
      "network_latency_ms": 1.2540532173588872,
      "network_latency_p95_ms": 1.279719639569521,
      "ik_latency_ms": 1.0115957241505384,
      "ik_latency_p95_ms": 1.040825666859746,
      "latency_ms": 2.2656489415094256,
      "latency_p95_ms": 2.320545306429267,
      "swivel_mae": 5.129122734069824,
      "elbow_error_mm": 11.252493366744565,
      "jerk": 4.094212532043457,
      "joint_mae": 0.08474015809361206,
      "window_size": 15,
      "epoch": 29,
      "val_loss": 0.18655864894390106
    }
  }
}