{
  "_metadata": {
    "experiment": "layers_ablation",
    "dataset": "GRAB",
    "dataset_path": "/data0/wwb_data/ygx_data/data_ygx_pose+dof/GRAB_training_data_with_swivel.npz",
    "ik_type": "real-ik",
    "timestamp": "2026-03-03T03:46:52",
    "num_frames": 49986,
    "device": "cuda:0"
  },
  "results": {
    "L=2": {
      "params_k": 1109.122,
      "network_latency_ms": 1.6306221596896648,
      "network_latency_p95_ms": 1.686537778005004,
      "ik_latency_ms": 1.453668906353414,
      "ik_latency_p95_ms": 1.491928519681096,
      "latency_ms": 3.084291066043079,
      "latency_p95_ms": 3.1784662976861,
      "swivel_mae": 5.897768974304199,
      "elbow_error_mm": 12.764816305152538,
      "jerk": 6.322943210601807,
      "joint_mae": 0.09517512740270864,
      "window_size": 15,
      "epoch": 29,
      "val_loss": 0.19250069558620453
    },
    "L=4": {
      "params_k": 1985.666,
      "network_latency_ms": 1.8603098606690764,
      "network_latency_p95_ms": 1.9025401677936316,
      "ik_latency_ms": 1.0320223923772573,
      "ik_latency_p95_ms": 1.0558588430285454,
      "latency_ms": 2.892332253046334,
      "latency_p95_ms": 2.958399010822177,
      "swivel_mae": 5.6341423988342285,
      "elbow_error_mm": 12.373909524047912,
      "jerk": 6.1728715896606445,
      "joint_mae": 0.09308117741167313,
      "window_size": 15,
      "epoch": 48,
      "val_loss": 0.20068499445915222
    },
    "L=8": {
      "params_k": 3738.754,
      "network_latency_ms": 3.2358691142871976,
      "network_latency_p95_ms": 3.3010569866746664,
      "ik_latency_ms": 1.027116920799017,
      "ik_latency_p95_ms": 1.051488472148776,
      "latency_ms": 4.2629860350862145,
      "latency_p95_ms": 4.3525454588234425,
      "swivel_mae": 5.926795482635498,
      "elbow_error_mm": 13.004394036391687,
      "jerk": 3.77022123336792,
      "joint_mae": 0.09706728871455628,
      "window_size": 15,
      "epoch": 27,
      "val_loss": 0.201080784201622
    }
  }
}