{
  "_metadata": {
    "experiment": "loss_ablation",
    "dataset": "GRAB",
    "dataset_path": "/data0/wwb_data/ygx_data/data_ygx_pose+dof/GRAB_training_data_with_swivel.npz",
    "ik_type": "real-ik",
    "timestamp": "2026-03-03T03:46:06",
    "num_frames": 49986,
    "device": "cuda:0"
  },
  "results": {
    "swivel_only": {
      "params_k": 1985.666,
      "network_latency_ms": 2.561126349493861,
      "network_latency_p95_ms": 2.640260336920619,
      "ik_latency_ms": 1.4539874400943518,
      "ik_latency_p95_ms": 1.4946324285119772,
      "latency_ms": 4.015113789588213,
      "latency_p95_ms": 4.134892765432596,
      "swivel_mae": 5.927176475524902,
      "elbow_error_mm": 13.181560942755707,
      "jerk": 3.5614404678344727,
      "joint_mae": 0.09908685615170519,
      "window_size": 15,
      "epoch": 23,
      "val_loss": 0.18313926458358765
    },
    "elbow_only": {
      "params_k": 1985.666,
      "network_latency_ms": 1.824002399109304,
      "network_latency_p95_ms": 1.871372340247035,
      "ik_latency_ms": 1.0247173383831978,
      "ik_latency_p95_ms": 1.0506899561733007,
      "latency_ms": 2.8487197374925017,
      "latency_p95_ms": 2.9220622964203358,
      "swivel_mae": 5.753671646118164,
      "elbow_error_mm": 12.34766120126319,
      "jerk": 6.18559455871582,
      "joint_mae": 0.0913999396322417,
      "window_size": 15,
      "epoch": 29,
      "val_loss": 0.016023848205804825
    },
    "full_loss": {
      "params_k": 1985.666,
      "network_latency_ms": 1.8600261956453323,
      "network_latency_p95_ms": 1.9066822715103626,
      "ik_latency_ms": 1.033092563971877,
      "ik_latency_p95_ms": 1.0594264138489962,
      "latency_ms": 2.8931187596172094,
      "latency_p95_ms": 2.966108685359359,
      "swivel_mae": 5.820462703704834,
      "elbow_error_mm": 12.757366763883752,
      "jerk": 6.620122909545898,
      "joint_mae": 0.09604436805780905,
      "window_size": 15,
      "epoch": 45,
      "val_loss": 0.20075565576553345
    }
  }
}