{
  "_metadata": {
    "experiment": "window_size_ablation",
    "dataset": "GRAB",
    "dataset_path": "/data0/wwb_data/ygx_data/data_ygx_pose+dof/GRAB_training_data_with_swivel.npz",
    "ik_type": "real-ik",
    "timestamp": "2026-03-03T03:44:43",
    "num_frames": 49971,
    "device": "cuda:0"
  },
  "results": {
    "W=1": {
      "params_k": 1985.666,
      "network_latency_ms": 0.15345283690840006,
      "network_latency_p95_ms": 0.15675099566578865,
      "ik_latency_ms": 1.043920375406742,
      "ik_latency_p95_ms": 1.0716634802520275,
      "latency_ms": 1.1973732123151422,
      "latency_p95_ms": 1.2284144759178162,
      "swivel_mae": 6.763535022735596,
      "elbow_error_mm": 14.201144388399443,
      "jerk": 4.50585412979126,
      "joint_mae": 0.1016589785804627,
      "window_size": 1,
      "epoch": 50,
      "val_loss": 0.26980605721473694
    },
    "W=15": {
      "params_k": 1985.666,
      "network_latency_ms": 2.5221334183588624,
      "network_latency_p95_ms": 2.5871064513921738,
      "ik_latency_ms": 1.4489275915548205,
      "ik_latency_p95_ms": 1.4814856462180614,
      "latency_ms": 3.971061009913683,
      "latency_p95_ms": 4.068592097610235,
      "swivel_mae": 5.7765302658081055,
      "elbow_error_mm": 12.337087925078944,
      "jerk": 7.844198703765869,
      "joint_mae": 0.09045599899400339,
      "window_size": 15,
      "epoch": 48,
      "val_loss": 0.19492948055267334
    },
    "W=30": {
      "params_k": 1985.666,
      "network_latency_ms": 1.8522698506712914,
      "network_latency_p95_ms": 1.8971246201545,
      "ik_latency_ms": 1.044598720036447,
      "ik_latency_p95_ms": 1.0703697800636292,
      "latency_ms": 2.8968685707077384,
      "latency_p95_ms": 2.967494400218129,
      "swivel_mae": 6.021563529968262,
      "elbow_error_mm": 12.887574690428403,
      "jerk": 4.14473295211792,
      "joint_mae": 0.09516425649925908,
      "window_size": 30,
      "epoch": 24,
      "val_loss": 0.194369837641716
    }
  }
}